{
	"credit": "Made with Blockbench",
	"textures": {
		"1": "minecraft:riyl/block/crying_obsidian",
		"3": "minecraft:riyl/block/gravel",
		"particle": "gravel"
	},
	"elements": [
		{
			"from": [4.775, 4, -5.775],
			"to": [5.775, 5, -2.775],
			"rotation": {"angle": -45, "axis": "y", "origin": [8, 4.5, -5]},
			"faces": {
				"north": {"uv": [0, 1, 1, 2], "texture": "#3"},
				"east": {"uv": [0, 1, 1, 2], "texture": "#3"},
				"south": {"uv": [0, 1, 1, 2], "texture": "#3"},
				"west": {"uv": [0, 1, 1, 2], "texture": "#3"},
				"up": {"uv": [0, 1, 1, 2], "texture": "#3"},
				"down": {"uv": [0, 1, 1, 2], "texture": "#3"}
			}
		},
		{
			"from": [4.175, 4, -4.275],
			"to": [5.175, 5, -1.275],
			"rotation": {"angle": -22.5, "axis": "y", "origin": [8, 4.5, -5]},
			"faces": {
				"north": {"uv": [0, 1, 1, 2], "texture": "#3"},
				"east": {"uv": [0, 1, 1, 2], "texture": "#3"},
				"south": {"uv": [0, 1, 1, 2], "texture": "#3"},
				"west": {"uv": [0, 1, 1, 2], "texture": "#3"},
				"up": {"uv": [0, 1, 1, 2], "texture": "#3"},
				"down": {"uv": [0, 1, 1, 2], "texture": "#3"}
			}
		},
		{
			"from": [6.25, 4, -7.85],
			"to": [8.25, 5, -6.85],
			"rotation": {"angle": 0, "axis": "y", "origin": [8, 4.5, -5]},
			"faces": {
				"north": {"uv": [0, 1, 2, 2], "texture": "#3"},
				"east": {"uv": [0, 1, 2, 2], "texture": "#3"},
				"south": {"uv": [0, 1, 2, 2], "texture": "#3"},
				"west": {"uv": [0, 1, 2, 2], "texture": "#3"},
				"up": {"uv": [0, 1, 2, 2], "texture": "#3"},
				"down": {"uv": [0, 1, 2, 2], "texture": "#3"}
			}
		},
		{
			"from": [5.75, 3.75, -6.85],
			"to": [8.75, 4.75, -5.85],
			"rotation": {"angle": 0, "axis": "y", "origin": [8, 4.5, -5]},
			"faces": {
				"north": {"uv": [0, 1, 3, 2], "texture": "#1"},
				"east": {"uv": [0, 1, 3, 2], "texture": "#1"},
				"south": {"uv": [0, 1, 3, 2], "texture": "#1"},
				"west": {"uv": [0, 1, 3, 2], "texture": "#1"},
				"up": {"uv": [0, 1, 3, 2], "texture": "#1"},
				"down": {"uv": [0, 1, 3, 2], "texture": "#1"}
			}
		},
		{
			"from": [4.75, 3.75, -5.85],
			"to": [9.75, 4.75, -4.85],
			"rotation": {"angle": 0, "axis": "y", "origin": [8, 4.5, -5]},
			"faces": {
				"north": {"uv": [0, 1, 5, 2], "texture": "#1"},
				"east": {"uv": [0, 1, 5, 2], "texture": "#1"},
				"south": {"uv": [0, 1, 5, 2], "texture": "#1"},
				"west": {"uv": [0, 1, 5, 2], "texture": "#1"},
				"up": {"uv": [0, 1, 5, 2], "texture": "#1"},
				"down": {"uv": [0, 1, 5, 2], "texture": "#1"}
			}
		},
		{
			"from": [4.25, 3.5, -4.85],
			"to": [10.25, 4.5, -3.85],
			"rotation": {"angle": 0, "axis": "y", "origin": [8, 4.5, -5]},
			"faces": {
				"north": {"uv": [0, 1, 6, 2], "texture": "#1"},
				"east": {"uv": [0, 1, 6, 2], "texture": "#1"},
				"south": {"uv": [0, 1, 6, 2], "texture": "#1"},
				"west": {"uv": [0, 1, 6, 2], "texture": "#1"},
				"up": {"uv": [0, 1, 6, 2], "texture": "#1"},
				"down": {"uv": [0, 1, 6, 2], "texture": "#1"}
			}
		},
		{
			"from": [4, 3.5, -3.85],
			"to": [10.75, 4.5, -2.6],
			"rotation": {"angle": 0, "axis": "y", "origin": [8, 4.5, -5]},
			"faces": {
				"north": {"uv": [0, 1, 6.75, 2], "texture": "#1"},
				"east": {"uv": [0, 1, 6.75, 2], "texture": "#1"},
				"south": {"uv": [0, 1, 6.75, 2], "texture": "#1"},
				"west": {"uv": [0, 1, 6.75, 2], "texture": "#1"},
				"up": {"uv": [0, 1, 6.75, 2], "texture": "#1"},
				"down": {"uv": [0, 1, 6.75, 2], "texture": "#1"}
			}
		},
		{
			"from": [9.125, 4, -6.75],
			"to": [10.125, 5, -3.75],
			"rotation": {"angle": 45, "axis": "y", "origin": [8, 4.5, -5]},
			"faces": {
				"north": {"uv": [0, 1, 1, 2], "texture": "#3"},
				"east": {"uv": [0, 1, 1, 2], "texture": "#3"},
				"south": {"uv": [0, 1, 1, 2], "texture": "#3"},
				"west": {"uv": [0, 1, 1, 2], "texture": "#3"},
				"up": {"uv": [0, 1, 1, 2], "texture": "#3"},
				"down": {"uv": [0, 1, 1, 2], "texture": "#3"}
			}
		},
		{
			"from": [9.45, 4, -4.675],
			"to": [10.45, 5, -1.675],
			"rotation": {"angle": 22.5, "axis": "y", "origin": [8, 4.5, -5]},
			"faces": {
				"north": {"uv": [0, 1, 1, 2], "texture": "#3"},
				"east": {"uv": [0, 1, 1, 2], "texture": "#3"},
				"south": {"uv": [0, 1, 1, 2], "texture": "#3"},
				"west": {"uv": [0, 1, 1, 2], "texture": "#3"},
				"up": {"uv": [0, 1, 1, 2], "texture": "#3"},
				"down": {"uv": [0, 1, 1, 2], "texture": "#3"}
			}
		}
	],
	"display": {
		"head": {
			"translation": [2, 7.25, 32.75],
			"scale": [3, 3, 3]
		}
	},
	"groups": [
		{
			"name": "ago",
			"origin": [8, 8, 8],
			"color": 0,
			"children": [0, 1, 2, 3, 4, 5, 6, 7, 8]
		}
	]
}