{
	"credit": "Made with Blockbench",
	"textures": {
		"1": "minecraft:riyl/block/crying_obsidian",
		"3": "minecraft:riyl/block/gravel",
		"particle": "gravel"
	},
	"elements": [
		{
			"from": [5, 0.5, 0],
			"to": [11, 1, 10],
			"rotation": {"angle": 0, "axis": "y", "origin": [7, 0, 0]},
			"faces": {
				"north": {"uv": [0, 0, 6, 10], "texture": "#1"},
				"east": {"uv": [0, 0, 6, 10], "texture": "#1"},
				"south": {"uv": [0, 0, 6, 10], "texture": "#1"},
				"west": {"uv": [0, 0, 6, 10], "texture": "#1"},
				"up": {"uv": [0, 0, 6, 10], "texture": "#1"},
				"down": {"uv": [0, 0, 6, 10], "texture": "#1"}
			}
		},
		{
			"from": [4, 1, -1],
			"to": [12, 6, 11],
			"rotation": {"angle": 0, "axis": "y", "origin": [7, 1, 0]},
			"faces": {
				"north": {"uv": [0, 0, 12, 5], "texture": "#3"},
				"east": {"uv": [0, 0, 12, 5], "texture": "#3"},
				"south": {"uv": [0, 0, 12, 5], "texture": "#3"},
				"west": {"uv": [0, 0, 12, 5], "texture": "#3"},
				"up": {"uv": [0, 0, 12, 5], "texture": "#3"},
				"down": {"uv": [0, 0, 12, 5], "texture": "#3"}
			}
		},
		{
			"from": [5, 4, -3],
			"to": [11, 7, 3],
			"rotation": {"angle": 22.5, "axis": "x", "origin": [8, 5.5, -3]},
			"faces": {
				"north": {"uv": [0, 0, 12, 5], "texture": "#3"},
				"east": {"uv": [0, 0, 12, 5], "texture": "#3"},
				"south": {"uv": [0, 0, 12, 5], "texture": "#3"},
				"west": {"uv": [0, 0, 12, 5], "texture": "#3"},
				"up": {"uv": [0, 0, 12, 5], "texture": "#3"},
				"down": {"uv": [0, 0, 12, 5], "texture": "#3"}
			}
		},
		{
			"from": [5, 6, 0],
			"to": [11, 7, 10],
			"rotation": {"angle": 0, "axis": "y", "origin": [7, 6, 0]},
			"faces": {
				"north": {"uv": [0, 0, 6, 10], "texture": "#3"},
				"east": {"uv": [0, 0, 6, 10], "texture": "#3"},
				"south": {"uv": [0, 0, 6, 10], "texture": "#3"},
				"west": {"uv": [0, 0, 6, 10], "texture": "#3"},
				"up": {"uv": [0, 0, 6, 10], "texture": "#3"},
				"down": {"uv": [0, 0, 6, 10], "texture": "#3"}
			}
		},
		{
			"from": [7, 7, 2],
			"to": [9, 8, 8],
			"rotation": {"angle": 0, "axis": "y", "origin": [7, 7, 0]},
			"faces": {
				"north": {"uv": [0, 0, 2, 6], "texture": "#1"},
				"east": {"uv": [0, 0, 2, 6], "texture": "#1"},
				"south": {"uv": [0, 0, 2, 6], "texture": "#1"},
				"west": {"uv": [0, 0, 2, 6], "texture": "#1"},
				"up": {"uv": [0, 0, 2, 6], "texture": "#1"},
				"down": {"uv": [0, 0, 2, 6], "texture": "#1"}
			}
		}
	],
	"display": {
		"head": {
			"translation": [0, 16.25, 14.5],
			"scale": [3, 3, 3]
		}
	},
	"groups": [
		{
			"name": "body",
			"origin": [8, 8, 8],
			"color": 0,
			"children": [0, 1, 2, 3, 4]
		}
	]
}