{
	"credit": "Made with Blockbench",
	"textures": {
		"1": "minecraft:riyl/block/crying_obsidian",
		"3": "minecraft:riyl/block/gravel",
		"particle": "gravel"
	},
	"elements": [
		{
			"from": [20.75, 3.5, 0.5],
			"to": [30.75, 5.5, 2.5],
			"rotation": {"angle": -45, "axis": "y", "origin": [24.5, 4, -1.5]},
			"faces": {
				"north": {"uv": [0, 0, 10, 2], "texture": "#1"},
				"east": {"uv": [0, 0, 10, 2], "texture": "#1"},
				"south": {"uv": [0, 0, 10, 2], "texture": "#1"},
				"west": {"uv": [0, 0, 10, 2], "texture": "#1"},
				"up": {"uv": [0, 0, 10, 2], "texture": "#1"},
				"down": {"uv": [0, 0, 10, 2], "texture": "#1"}
			}
		},
		{
			"from": [11, 4.25, -3],
			"to": [22, 4.75, 4],
			"rotation": {"angle": 22.5, "axis": "y", "origin": [24.5, 4, 0.5]},
			"faces": {
				"north": {"uv": [0, 0, 11, 7], "texture": "#3"},
				"east": {"uv": [0, 0, 11, 7], "texture": "#3"},
				"south": {"uv": [0, 0, 11, 7], "texture": "#3"},
				"west": {"uv": [0, 0, 11, 7], "texture": "#3"},
				"up": {"uv": [0, 0, 11, 7], "texture": "#3"},
				"down": {"uv": [0, 0, 11, 7], "texture": "#3"}
			}
		},
		{
			"from": [22, 4.25, 2],
			"to": [23, 4.75, 5],
			"rotation": {"angle": 22.5, "axis": "y", "origin": [24.5, 4, 0.5]},
			"faces": {
				"north": {"uv": [0, 0, 1, 3], "texture": "#3"},
				"east": {"uv": [0, 0, 1, 3], "texture": "#3"},
				"south": {"uv": [0, 0, 1, 3], "texture": "#3"},
				"west": {"uv": [0, 0, 1, 3], "texture": "#3"},
				"up": {"uv": [0, 0, 1, 3], "texture": "#3"},
				"down": {"uv": [0, 0, 1, 3], "texture": "#3"}
			}
		},
		{
			"from": [11, 4.25, 4],
			"to": [24, 4.75, 5],
			"rotation": {"angle": 22.5, "axis": "y", "origin": [24.5, 4, 0.5]},
			"faces": {
				"north": {"uv": [0, 0, 13, 0.5], "texture": "#3"},
				"east": {"uv": [0, 0, 13, 0.5], "texture": "#3"},
				"south": {"uv": [0, 0, 13, 0.5], "texture": "#3"},
				"west": {"uv": [0, 0, 13, 0.5], "texture": "#3"},
				"up": {"uv": [0, 0, 13, 0.5], "texture": "#3"},
				"down": {"uv": [0, 0, 13, 0.5], "texture": "#3"}
			}
		},
		{
			"from": [10.92284, 3.5, -1.11209],
			"to": [20.92284, 5.5, 0.88791],
			"rotation": {"angle": 22.5, "axis": "y", "origin": [15.92284, 4.5, -0.11209]},
			"faces": {
				"north": {"uv": [0, 0, 10, 2], "texture": "#1"},
				"east": {"uv": [0, 0, 10, 2], "texture": "#1"},
				"south": {"uv": [0, 0, 10, 2], "texture": "#1"},
				"west": {"uv": [0, 0, 10, 2], "texture": "#1"},
				"up": {"uv": [0, 0, 10, 2], "texture": "#1"},
				"down": {"uv": [0, 0, 10, 2], "texture": "#1"}
			}
		}
	],
	"display": {
		"head": {
			"rotation": [0, 0, 26],
			"translation": [-13.25, 2.25, 19],
			"scale": [3, 3, 3]
		}
	},
	"groups": [
		{
			"name": "R.wing",
			"origin": [8, 8, 8],
			"color": 0,
			"children": [0, 1, 2, 3, 4]
		}
	]
}