{
	"credit": "Made with Blockbench",
	"textures": {
		"1": "minecraft:riyl/block/crying_obsidian",
		"3": "minecraft:riyl/block/gravel",
		"particle": "gravel"
	},
	"elements": [
		{
			"from": [6.5, 2, 11],
			"to": [9.5, 5, 14],
			"faces": {
				"north": {"uv": [0, 0, 3, 3], "texture": "#3"},
				"east": {"uv": [0, 0, 3, 3], "texture": "#3"},
				"south": {"uv": [0, 0, 3, 3], "texture": "#3"},
				"west": {"uv": [0, 0, 3, 3], "texture": "#3"},
				"up": {"uv": [0, 0, 3, 3], "texture": "#3"},
				"down": {"uv": [0, 0, 3, 3], "texture": "#3"}
			}
		},
		{
			"from": [8, 2.5, 14],
			"to": [10, 4.5, 20],
			"rotation": {"angle": 22.5, "axis": "y", "origin": [8, 3.5, 17]},
			"faces": {
				"north": {"uv": [0, 0, 2, 6], "texture": "#3"},
				"east": {"uv": [0, 0, 2, 6], "texture": "#3"},
				"south": {"uv": [0, 0, 2, 6], "texture": "#3"},
				"west": {"uv": [0, 0, 2, 6], "texture": "#3"},
				"up": {"uv": [0, 0, 2, 6], "texture": "#3"},
				"down": {"uv": [0, 0, 2, 6], "texture": "#3"}
			}
		},
		{
			"from": [11.25, 2.5, 21.25],
			"to": [13.25, 4.5, 30.25],
			"rotation": {"angle": 45, "axis": "y", "origin": [8, 3.5, 23]},
			"faces": {
				"north": {"uv": [0, 0, 9, 2], "texture": "#1"},
				"east": {"uv": [0, 0, 9, 2], "texture": "#1"},
				"south": {"uv": [0, 0, 9, 2], "texture": "#1"},
				"west": {"uv": [0, 0, 9, 2], "texture": "#1"},
				"up": {"uv": [0, 0, 9, 2], "texture": "#1"},
				"down": {"uv": [0, 0, 9, 2], "texture": "#1"}
			}
		},
		{
			"from": [10.75, 2.5, 24.25],
			"to": [13.75, 5, 28.25],
			"rotation": {"angle": 45, "axis": "y", "origin": [8, 3.5, 23]},
			"faces": {
				"north": {"uv": [0, 0, 4, 2.5], "texture": "#1"},
				"east": {"uv": [0, 0, 4, 2.5], "texture": "#1"},
				"south": {"uv": [0, 0, 4, 2.5], "texture": "#1"},
				"west": {"uv": [0, 0, 4, 2.5], "texture": "#1"},
				"up": {"uv": [0, 0, 4, 2.5], "texture": "#1"},
				"down": {"uv": [0, 0, 4, 2.5], "texture": "#1"}
			}
		}
	],
	"display": {
		"head": {
			"translation": [0, 9.25, -11.5],
			"scale": [3, 3, 3]
		}
	},
	"groups": [
		{
			"name": "tale",
			"origin": [8, 8, 8],
			"color": 0,
			"children": [0, 1, 2, 3]
		}
	]
}