{
	"credit": "Made with Blockbench",
	"textures": {
		"0": "minecraft:riyl/mob/tyudo",
		"particle": "riyl/mob/tyudo"
	},
	"elements": [
		{
			"from": [2, 0, 2],
			"to": [14, 7, 14],
			"faces": {
				"north": {"uv": [0, 4, 12, 11], "texture": "#0"},
				"east": {"uv": [0, 4, 12, 11], "texture": "#0"},
				"south": {"uv": [0, 4, 12, 11], "texture": "#0"},
				"west": {"uv": [0, 4, 12, 11], "texture": "#0"},
				"up": {"uv": [8, 0, 13, 2], "texture": "#0"},
				"down": {"uv": [0, 4, 12, 11], "texture": "#0"}
			}
		},
		{
			"from": [3, 7, 3],
			"to": [13, 14, 13],
			"faces": {
				"north": {"uv": [0, 0, 10, 7], "texture": "#0"},
				"east": {"uv": [0, 0, 10, 7], "texture": "#0"},
				"south": {"uv": [0, 0, 10, 7], "texture": "#0"},
				"west": {"uv": [0, 0, 10, 7], "texture": "#0"},
				"up": {"uv": [0, 0, 9, 1], "texture": "#0"},
				"down": {"uv": [0, 0, 10, 7], "texture": "#0"}
			}
		},
		{
			"from": [4, 14, 4],
			"to": [12, 18, 12],
			"faces": {
				"north": {"uv": [4, 11, 16, 16], "texture": "#0"},
				"east": {"uv": [0, 0, 8, 4], "texture": "#0"},
				"south": {"uv": [0, 0, 8, 4], "texture": "#0"},
				"west": {"uv": [0, 3, 15, 11], "texture": "#0"},
				"up": {"uv": [8, 0, 16, 2], "texture": "#0"},
				"down": {"uv": [0, 0, 8, 4], "texture": "#0"}
			}
		},
		{
			"from": [4, 18, 4],
			"to": [12, 21, 8],
			"faces": {
				"north": {"uv": [0, 0, 8, 5], "texture": "#0"},
				"east": {"uv": [0, 0, 8, 5], "texture": "#0"},
				"south": {"uv": [0, 0, 8, 5], "texture": "#0"},
				"west": {"uv": [0, 0, 8, 5], "texture": "#0"},
				"up": {"uv": [0, 0, 4, 3], "texture": "#0"},
				"down": {"uv": [0, 0, 8, 5], "texture": "#0"}
			}
		},
		{
			"from": [8, 18, 8],
			"to": [12, 21, 12],
			"faces": {
				"north": {"uv": [0, 0, 6, 5], "texture": "#0"},
				"east": {"uv": [0, 0, 6, 5], "texture": "#0"},
				"south": {"uv": [0, 0, 6, 5], "texture": "#0"},
				"west": {"uv": [0, 0, 6, 5], "texture": "#0"},
				"up": {"uv": [0, 0, 4, 2], "texture": "#0"},
				"down": {"uv": [0, 0, 6, 5], "texture": "#0"}
			}
		}
	],
	"display": {
		"head": {
			"translation": [0, -19, 0],
			"scale": [3, 3, 3]
		}
	}
}